﻿{"cameraMode":{"drawMode":0,"name":"Shaded","section":"Shading Mode"},"sceneLighting":true,"audioPlay":false,"sceneViewState":{"showFog":true,"showMaterialUpdate":false,"showSkybox":true,"showFlares":true,"showImageEffects":true,"showParticleSystems":true},"in2DMode":false,"pivot":{"x":-9.453704833984375,"y":-0.794778048992157,"z":0.6119210720062256},"rotation":{"x":0.0020525590516626837,"y":0.5125883221626282,"z":0.001225446816533804,"w":-0.8586311936378479},"size":28.787540435791017,"orthographic":false}